{
    "cumulative_timesteps": 20503120,
    "cumulative_model_updates": 1198,
    "policy_average_reward": 136.16013856398305,
    "epoch": 199,
    "ts_since_last_save": 100011,
    "reward_running_stats": {
        "mean": [
            11.180192626661528
        ],
        "var": [
            14485370.268808683
        ],
        "shape": [
            1
        ],
        "count": 30750
    },
    "wandb_run_id": "c8koui2b",
    "wandb_project": "RocketLeagueKickoff",
    "wandb_entity": "hodkhourch-ensisa",
    "wandb_group": "training",
    "wandb_config": {
        "n_proc": 32,
        "min_inference_size": 29,
        "timestep_limit": 1000000000,
        "exp_buffer_size": 300000,
        "ts_per_iteration": 100000,
        "standardize_returns": true,
        "standardize_obs": false,
        "policy_layer_sizes": [
            512,
            512,
            512
        ],
        "critic_layer_sizes": [
            512,
            512,
            512
        ],
        "ppo_epochs": 2,
        "ppo_batch_size": 100000,
        "ppo_minibatch_size": 50000,
        "ppo_ent_coef": 0.05,
        "ppo_clip_range": 0.2,
        "gae_lambda": 0.95,
        "gae_gamma": 0.99,
        "policy_lr": 0.0001,
        "critic_lr": 0.0001,
        "shm_buffer_size": 8192
    }
}